"customer_segment","total_ltv","customer_count","avg_ltv"
"3 - High Value",135429277.26549798,"12372",10946.433661938085
"2 - Mid Value",66636451.787238784,"24743",2693.1435875697684
"1 - Low Value",4341809.527328113,"12372",350.9383711063784
